{
    "loss": 5.678985118865967,
    "accuracy": 0.489549845457077
}