{
    "loss": 3.8520727157592773,
    "accuracy": 0.617095410823822
}